--
-- PostgreSQL database dump
--

-- Dumped from database version 9.4.1
-- Dumped by pg_dump version 9.4.1
-- Started on 2016-07-31 20:31:31

SET statement_timeout = 0;
SET lock_timeout = 0;
SET client_encoding = 'UTF8';
SET standard_conforming_strings = on;
SET check_function_bodies = false;
SET client_min_messages = warning;

--
-- TOC entry 2070 (class 1262 OID 24576)
-- Name: ClonesDatabase; Type: DATABASE; Schema: -; Owner: postgres
--

CREATE DATABASE "ClonesDatabase" WITH TEMPLATE = template0 ENCODING = 'UTF8' LC_COLLATE = 'Polish_Poland.1250' LC_CTYPE = 'Polish_Poland.1250';


ALTER DATABASE "ClonesDatabase" OWNER TO postgres;

\connect "ClonesDatabase"

SET statement_timeout = 0;
SET lock_timeout = 0;
SET client_encoding = 'UTF8';
SET standard_conforming_strings = on;
SET check_function_bodies = false;
SET client_min_messages = warning;

--
-- TOC entry 186 (class 3079 OID 11855)
-- Name: plpgsql; Type: EXTENSION; Schema: -; Owner: 
--

CREATE EXTENSION IF NOT EXISTS plpgsql WITH SCHEMA pg_catalog;


--
-- TOC entry 2073 (class 0 OID 0)
-- Dependencies: 186
-- Name: EXTENSION plpgsql; Type: COMMENT; Schema: -; Owner: 
--

COMMENT ON EXTENSION plpgsql IS 'PL/pgSQL procedural language';


SET search_path = public, pg_catalog;

SET default_tablespace = '';

SET default_with_oids = false;

--
-- TOC entry 184 (class 1259 OID 49161)
-- Name: achievements; Type: TABLE; Schema: public; Owner: postgres; Tablespace: 
--

CREATE TABLE achievements (
    id bigint NOT NULL,
    achievements_type bigint,
    _user bigint
);


ALTER TABLE achievements OWNER TO postgres;

--
-- TOC entry 185 (class 1259 OID 49164)
-- Name: achievements_id_seq; Type: SEQUENCE; Schema: public; Owner: postgres
--

CREATE SEQUENCE achievements_id_seq
    START WITH 1
    INCREMENT BY 1
    NO MINVALUE
    NO MAXVALUE
    CACHE 1;


ALTER TABLE achievements_id_seq OWNER TO postgres;

--
-- TOC entry 2075 (class 0 OID 0)
-- Dependencies: 185
-- Name: achievements_id_seq; Type: SEQUENCE OWNED BY; Schema: public; Owner: postgres
--

ALTER SEQUENCE achievements_id_seq OWNED BY achievements.id;


--
-- TOC entry 182 (class 1259 OID 49152)
-- Name: achievements_type; Type: TABLE; Schema: public; Owner: postgres; Tablespace: 
--

CREATE TABLE achievements_type (
    id bigint NOT NULL,
    type character varying(128)
);


ALTER TABLE achievements_type OWNER TO postgres;

--
-- TOC entry 183 (class 1259 OID 49155)
-- Name: achievements_type_id_seq; Type: SEQUENCE; Schema: public; Owner: postgres
--

CREATE SEQUENCE achievements_type_id_seq
    START WITH 1
    INCREMENT BY 1
    NO MINVALUE
    NO MAXVALUE
    CACHE 1;


ALTER TABLE achievements_type_id_seq OWNER TO postgres;

--
-- TOC entry 2078 (class 0 OID 0)
-- Dependencies: 183
-- Name: achievements_type_id_seq; Type: SEQUENCE OWNED BY; Schema: public; Owner: postgres
--

ALTER SEQUENCE achievements_type_id_seq OWNED BY achievements_type.id;


--
-- TOC entry 175 (class 1259 OID 40967)
-- Name: general_stats; Type: TABLE; Schema: public; Owner: postgres; Tablespace: 
--

CREATE TABLE general_stats (
    id bigint NOT NULL,
    value bigint,
    general_stats_type bigint,
    _user bigint
);


ALTER TABLE general_stats OWNER TO postgres;

--
-- TOC entry 176 (class 1259 OID 40974)
-- Name: general_stats_id_seq; Type: SEQUENCE; Schema: public; Owner: postgres
--

CREATE SEQUENCE general_stats_id_seq
    START WITH 1
    INCREMENT BY 1
    NO MINVALUE
    NO MAXVALUE
    CACHE 1;


ALTER TABLE general_stats_id_seq OWNER TO postgres;

--
-- TOC entry 2081 (class 0 OID 0)
-- Dependencies: 176
-- Name: general_stats_id_seq; Type: SEQUENCE OWNED BY; Schema: public; Owner: postgres
--

ALTER SEQUENCE general_stats_id_seq OWNED BY general_stats.id;


--
-- TOC entry 173 (class 1259 OID 40962)
-- Name: general_stats_sequence; Type: SEQUENCE; Schema: public; Owner: postgres
--

CREATE SEQUENCE general_stats_sequence
    START WITH 1
    INCREMENT BY 1
    NO MINVALUE
    NO MAXVALUE
    CACHE 1;


ALTER TABLE general_stats_sequence OWNER TO postgres;

--
-- TOC entry 178 (class 1259 OID 40993)
-- Name: general_stats_type; Type: TABLE; Schema: public; Owner: postgres; Tablespace: 
--

CREATE TABLE general_stats_type (
    id bigint NOT NULL,
    type character varying(128)
);


ALTER TABLE general_stats_type OWNER TO postgres;

--
-- TOC entry 181 (class 1259 OID 41031)
-- Name: level_points; Type: TABLE; Schema: public; Owner: postgres; Tablespace: 
--

CREATE TABLE level_points (
    id bigint NOT NULL,
    level bigint,
    points bigint
);


ALTER TABLE level_points OWNER TO postgres;

--
-- TOC entry 180 (class 1259 OID 41029)
-- Name: level_points_id_seq; Type: SEQUENCE; Schema: public; Owner: postgres
--

CREATE SEQUENCE level_points_id_seq
    START WITH 1
    INCREMENT BY 1
    NO MINVALUE
    NO MAXVALUE
    CACHE 1;


ALTER TABLE level_points_id_seq OWNER TO postgres;

--
-- TOC entry 2086 (class 0 OID 0)
-- Dependencies: 180
-- Name: level_points_id_seq; Type: SEQUENCE OWNED BY; Schema: public; Owner: postgres
--

ALTER SEQUENCE level_points_id_seq OWNED BY level_points.id;


--
-- TOC entry 179 (class 1259 OID 40996)
-- Name: number_stats_types_id_seq; Type: SEQUENCE; Schema: public; Owner: postgres
--

CREATE SEQUENCE number_stats_types_id_seq
    START WITH 1
    INCREMENT BY 1
    NO MINVALUE
    NO MAXVALUE
    CACHE 1;


ALTER TABLE number_stats_types_id_seq OWNER TO postgres;

--
-- TOC entry 2088 (class 0 OID 0)
-- Dependencies: 179
-- Name: number_stats_types_id_seq; Type: SEQUENCE OWNED BY; Schema: public; Owner: postgres
--

ALTER SEQUENCE number_stats_types_id_seq OWNED BY general_stats_type.id;


--
-- TOC entry 174 (class 1259 OID 40964)
-- Name: users; Type: TABLE; Schema: public; Owner: postgres; Tablespace: 
--

CREATE TABLE users (
    name character varying(128) NOT NULL,
    id bigint NOT NULL,
    google_id character varying(128)
);


ALTER TABLE users OWNER TO postgres;

--
-- TOC entry 177 (class 1259 OID 40982)
-- Name: users_id_seq; Type: SEQUENCE; Schema: public; Owner: postgres
--

CREATE SEQUENCE users_id_seq
    START WITH 1
    INCREMENT BY 1
    NO MINVALUE
    NO MAXVALUE
    CACHE 1;


ALTER TABLE users_id_seq OWNER TO postgres;

--
-- TOC entry 2091 (class 0 OID 0)
-- Dependencies: 177
-- Name: users_id_seq; Type: SEQUENCE OWNED BY; Schema: public; Owner: postgres
--

ALTER SEQUENCE users_id_seq OWNED BY users.id;


--
-- TOC entry 172 (class 1259 OID 40960)
-- Name: users_sequence; Type: SEQUENCE; Schema: public; Owner: postgres
--

CREATE SEQUENCE users_sequence
    START WITH 1
    INCREMENT BY 1
    NO MINVALUE
    NO MAXVALUE
    CACHE 1;


ALTER TABLE users_sequence OWNER TO postgres;

--
-- TOC entry 1920 (class 2604 OID 49166)
-- Name: id; Type: DEFAULT; Schema: public; Owner: postgres
--

ALTER TABLE ONLY achievements ALTER COLUMN id SET DEFAULT nextval('achievements_id_seq'::regclass);


--
-- TOC entry 1919 (class 2604 OID 49157)
-- Name: id; Type: DEFAULT; Schema: public; Owner: postgres
--

ALTER TABLE ONLY achievements_type ALTER COLUMN id SET DEFAULT nextval('achievements_type_id_seq'::regclass);


--
-- TOC entry 1916 (class 2604 OID 40976)
-- Name: id; Type: DEFAULT; Schema: public; Owner: postgres
--

ALTER TABLE ONLY general_stats ALTER COLUMN id SET DEFAULT nextval('general_stats_id_seq'::regclass);


--
-- TOC entry 1917 (class 2604 OID 40998)
-- Name: id; Type: DEFAULT; Schema: public; Owner: postgres
--

ALTER TABLE ONLY general_stats_type ALTER COLUMN id SET DEFAULT nextval('number_stats_types_id_seq'::regclass);


--
-- TOC entry 1918 (class 2604 OID 41034)
-- Name: id; Type: DEFAULT; Schema: public; Owner: postgres
--

ALTER TABLE ONLY level_points ALTER COLUMN id SET DEFAULT nextval('level_points_id_seq'::regclass);


--
-- TOC entry 1915 (class 2604 OID 40984)
-- Name: id; Type: DEFAULT; Schema: public; Owner: postgres
--

ALTER TABLE ONLY users ALTER COLUMN id SET DEFAULT nextval('users_id_seq'::regclass);


--
-- TOC entry 2064 (class 0 OID 49161)
-- Dependencies: 184
-- Data for Name: achievements; Type: TABLE DATA; Schema: public; Owner: postgres
--

COPY achievements (id, achievements_type, _user) FROM stdin;
69	26	22
70	18	22
71	19	22
72	10	22
73	20	22
74	34	22
75	35	22
76	11	22
79	21	22
80	12	22
\.


--
-- TOC entry 2094 (class 0 OID 0)
-- Dependencies: 185
-- Name: achievements_id_seq; Type: SEQUENCE SET; Schema: public; Owner: postgres
--

SELECT pg_catalog.setval('achievements_id_seq', 80, true);


--
-- TOC entry 2062 (class 0 OID 49152)
-- Dependencies: 182
-- Data for Name: achievements_type; Type: TABLE DATA; Schema: public; Owner: postgres
--

COPY achievements_type (id, type) FROM stdin;
10	GAMES_WON_10
11	GAMES_WON_50
12	GAMES_WON_100
13	GAMES_WON_300
14	GAMES_WON_500
15	GAMES_WON_1000
16	GAMES_WON_5000
17	GAMES_WON_10000
18	GAMES_PLAYED_15
19	GAMES_PLAYED_50
20	GAMES_PLAYED_128
21	GAMES_PLAYED_250
22	GAMES_PLAYED_500
23	GAMES_PLAYED_2000
24	GAMES_PLAYED_5000
25	GAMES_PLAYED_10000
26	PLAY_TIME_1
27	PLAY_TIME_8
28	PLAY_TIME_24
29	PLAY_TIME_72
30	PLAY_TIME_128
31	PLAY_TIME_256
32	PLAY_TIME_512
33	PLAY_TIME_1024
34	GAMES_WON_IN_ROW_3
35	GAMES_WON_IN_ROW_5
36	GAMES_WON_IN_ROW_10
37	GAMES_WON_IN_ROW_50
38	GAMES_WON_IN_ROW_100
\.


--
-- TOC entry 2095 (class 0 OID 0)
-- Dependencies: 183
-- Name: achievements_type_id_seq; Type: SEQUENCE SET; Schema: public; Owner: postgres
--

SELECT pg_catalog.setval('achievements_type_id_seq', 38, true);


--
-- TOC entry 2055 (class 0 OID 40967)
-- Dependencies: 175
-- Data for Name: general_stats; Type: TABLE DATA; Schema: public; Owner: postgres
--

COPY general_stats (id, value, general_stats_type, _user) FROM stdin;
115	7	8	22
113	110	2	22
118	108	3	22
114	0	7	22
116	6307	9	22
112	295	1	22
117	26381	10	22
\.


--
-- TOC entry 2096 (class 0 OID 0)
-- Dependencies: 176
-- Name: general_stats_id_seq; Type: SEQUENCE SET; Schema: public; Owner: postgres
--

SELECT pg_catalog.setval('general_stats_id_seq', 125, true);


--
-- TOC entry 2097 (class 0 OID 0)
-- Dependencies: 173
-- Name: general_stats_sequence; Type: SEQUENCE SET; Schema: public; Owner: postgres
--

SELECT pg_catalog.setval('general_stats_sequence', 1, false);


--
-- TOC entry 2058 (class 0 OID 40993)
-- Dependencies: 178
-- Data for Name: general_stats_type; Type: TABLE DATA; Schema: public; Owner: postgres
--

COPY general_stats_type (id, type) FROM stdin;
2	WON_2P_GAMES
3	LOST_2P_GAMES
4	PLAYED_4P_GAMES
5	WON_4P_GAMES
6	LOST_4P_GAMES
7	LAST_WON_IN_ROW
8	BIGGEST_WON_IN_ROW
9	TOTAL_BALLS_SCORED
1	PLAYED_2P_GAMES
10	TOTAL_PLAY_TIME
\.


--
-- TOC entry 2061 (class 0 OID 41031)
-- Dependencies: 181
-- Data for Name: level_points; Type: TABLE DATA; Schema: public; Owner: postgres
--

COPY level_points (id, level, points) FROM stdin;
1	1	500
2	2	1000
3	3	1750
4	4	2750
5	5	4000
6	6	5500
7	7	7250
8	8	9250
9	9	11500
10	10	14000
11	11	16750
12	12	19750
13	13	23000
14	14	26500
15	15	30250
16	16	34250
17	17	38500
18	18	43000
19	19	47750
20	20	52750
21	21	58000
22	22	63500
23	23	69250
24	24	75250
25	25	81500
26	26	88000
27	27	94750
28	28	101750
29	29	109000
30	30	116500
31	31	124250
32	32	132250
33	33	140500
34	34	149000
35	35	157750
36	36	166750
37	37	176000
38	38	185500
39	39	195250
40	40	205250
41	41	215500
42	42	226000
43	43	236750
44	44	247750
45	45	259000
46	46	270500
47	47	282250
48	48	294250
49	49	306500
50	50	319000
51	51	331750
52	52	344750
53	53	358000
54	54	371500
55	55	385250
56	56	399250
57	57	413500
58	58	428000
59	59	442750
60	60	457750
61	61	473000
62	62	488500
63	63	504250
64	64	520250
65	65	536500
66	66	553000
67	67	569750
68	68	586750
69	69	604000
70	70	621500
71	71	639250
72	72	657250
73	73	675500
74	74	694000
75	75	712750
76	76	731750
77	77	751000
78	78	770500
79	79	790250
80	80	810250
81	81	830500
82	82	851000
83	83	871750
84	84	892750
85	85	914000
86	86	935500
87	87	957250
88	88	979250
89	89	1001500
90	90	1024000
91	91	1046750
92	92	1069750
93	93	1093000
94	94	1116500
95	95	1140250
96	96	1164250
97	97	1188500
98	98	1213000
99	99	1237750
100	100	1262750
101	101	1288000
102	102	1313500
103	103	1339250
104	104	1365250
105	105	1391500
106	106	1418000
107	107	1444750
108	108	1471750
109	109	1499000
110	110	1526500
111	111	1554250
112	112	1582250
113	113	1610500
114	114	1639000
115	115	1667750
116	116	1696750
117	117	1726000
118	118	1755500
119	119	1785250
120	120	1815250
121	121	1845500
122	122	1876000
123	123	1906750
124	124	1937750
125	125	1969000
126	126	2000500
127	127	2032250
128	128	2064250
129	129	2096500
130	130	2129000
131	131	2161750
132	132	2194750
133	133	2228000
134	134	2261500
135	135	2295250
136	136	2329250
137	137	2363500
138	138	2398000
139	139	2432750
140	140	2467750
141	141	2503000
142	142	2538500
143	143	2574250
144	144	2610250
145	145	2646500
146	146	2683000
147	147	2719750
148	148	2756750
149	149	2794000
150	150	2831500
151	151	2869250
152	152	2907250
153	153	2945500
154	154	2984000
155	155	3022750
156	156	3061750
157	157	3101000
158	158	3140500
159	159	3180250
160	160	3220250
161	161	3260500
162	162	3301000
163	163	3341750
164	164	3382750
165	165	3424000
166	166	3465500
167	167	3507250
168	168	3549250
169	169	3591500
170	170	3634000
171	171	3676750
172	172	3719750
173	173	3763000
174	174	3806500
175	175	3850250
176	176	3894250
177	177	3938500
178	178	3983000
179	179	4027750
180	180	4072750
181	181	4118000
182	182	4163500
183	183	4209250
184	184	4255250
185	185	4301500
186	186	4348000
187	187	4394750
188	188	4441750
189	189	4489000
190	190	4536500
191	191	4584250
192	192	4632250
193	193	4680500
194	194	4729000
195	195	4777750
196	196	4826750
197	197	4876000
198	198	4925500
199	199	4975250
200	200	5025250
201	201	5075500
202	202	5126000
203	203	5176750
204	204	5227750
205	205	5279000
206	206	5330500
207	207	5382250
208	208	5434250
209	209	5486500
210	210	5539000
211	211	5591750
212	212	5644750
213	213	5698000
214	214	5751500
215	215	5805250
216	216	5859250
217	217	5913500
218	218	5968000
219	219	6022750
220	220	6077750
221	221	6133000
222	222	6188500
223	223	6244250
224	224	6300250
225	225	6356500
226	226	6413000
227	227	6469750
228	228	6526750
229	229	6584000
230	230	6641500
231	231	6699250
232	232	6757250
233	233	6815500
234	234	6874000
235	235	6932750
236	236	6991750
237	237	7051000
238	238	7110500
239	239	7170250
240	240	7230250
241	241	7290500
242	242	7351000
243	243	7411750
244	244	7472750
245	245	7534000
246	246	7595500
247	247	7657250
248	248	7719250
249	249	7781500
250	250	7844000
251	251	7906750
252	252	7969750
253	253	8033000
254	254	8096500
255	255	8160250
256	256	8224250
257	257	8288500
258	258	8353000
259	259	8417750
260	260	8482750
261	261	8548000
262	262	8613500
263	263	8679250
264	264	8745250
265	265	8811500
266	266	8878000
267	267	8944750
268	268	9011750
269	269	9079000
270	270	9146500
271	271	9214250
272	272	9282250
273	273	9350500
274	274	9419000
275	275	9487750
276	276	9556750
277	277	9626000
278	278	9695500
279	279	9765250
280	280	9835250
281	281	9905500
282	282	9976000
283	283	10046750
284	284	10117750
285	285	10189000
286	286	10260500
287	287	10332250
288	288	10404250
289	289	10476500
290	290	10549000
291	291	10621750
292	292	10694750
293	293	10768000
294	294	10841500
295	295	10915250
296	296	10989250
297	297	11063500
298	298	11138000
299	299	11212750
300	300	11287750
301	301	11363000
302	302	11438500
303	303	11514250
304	304	11590250
305	305	11666500
306	306	11743000
307	307	11819750
308	308	11896750
309	309	11974000
310	310	12051500
311	311	12129250
312	312	12207250
313	313	12285500
314	314	12364000
315	315	12442750
316	316	12521750
317	317	12601000
318	318	12680500
319	319	12760250
320	320	12840250
321	321	12920500
322	322	13001000
323	323	13081750
324	324	13162750
325	325	13244000
326	326	13325500
327	327	13407250
328	328	13489250
329	329	13571500
330	330	13654000
331	331	13736750
332	332	13819750
333	333	13903000
334	334	13986500
335	335	14070250
336	336	14154250
337	337	14238500
338	338	14323000
339	339	14407750
340	340	14492750
341	341	14578000
342	342	14663500
343	343	14749250
344	344	14835250
345	345	14921500
346	346	15008000
347	347	15094750
348	348	15181750
349	349	15269000
350	350	15356500
351	351	15444250
352	352	15532250
353	353	15620500
354	354	15709000
355	355	15797750
356	356	15886750
357	357	15976000
358	358	16065500
359	359	16155250
360	360	16245250
361	361	16335500
362	362	16426000
363	363	16516750
364	364	16607750
365	365	16699000
366	366	16790500
367	367	16882250
368	368	16974250
369	369	17066500
370	370	17159000
371	371	17251750
372	372	17344750
373	373	17438000
374	374	17531500
375	375	17625250
376	376	17719250
377	377	17813500
378	378	17908000
379	379	18002750
380	380	18097750
381	381	18193000
382	382	18288500
383	383	18384250
384	384	18480250
385	385	18576500
386	386	18673000
387	387	18769750
388	388	18866750
389	389	18964000
390	390	19061500
391	391	19159250
392	392	19257250
393	393	19355500
394	394	19454000
395	395	19552750
396	396	19651750
397	397	19751000
398	398	19850500
399	399	19950250
400	400	20050250
401	401	20150500
402	402	20251000
403	403	20351750
404	404	20452750
405	405	20554000
406	406	20655500
407	407	20757250
408	408	20859250
409	409	20961500
410	410	21064000
411	411	21166750
412	412	21269750
413	413	21373000
414	414	21476500
415	415	21580250
416	416	21684250
417	417	21788500
418	418	21893000
419	419	21997750
420	420	22102750
421	421	22208000
422	422	22313500
423	423	22419250
424	424	22525250
425	425	22631500
426	426	22738000
427	427	22844750
428	428	22951750
429	429	23059000
430	430	23166500
431	431	23274250
432	432	23382250
433	433	23490500
434	434	23599000
435	435	23707750
436	436	23816750
437	437	23926000
438	438	24035500
439	439	24145250
440	440	24255250
441	441	24365500
442	442	24476000
443	443	24586750
444	444	24697750
445	445	24809000
446	446	24920500
447	447	25032250
448	448	25144250
449	449	25256500
450	450	25369000
451	451	25481750
452	452	25594750
453	453	25708000
454	454	25821500
455	455	25935250
456	456	26049250
457	457	26163500
458	458	26278000
459	459	26392750
460	460	26507750
461	461	26623000
462	462	26738500
463	463	26854250
464	464	26970250
465	465	27086500
466	466	27203000
467	467	27319750
468	468	27436750
469	469	27554000
470	470	27671500
471	471	27789250
472	472	27907250
473	473	28025500
474	474	28144000
475	475	28262750
476	476	28381750
477	477	28501000
478	478	28620500
479	479	28740250
480	480	28860250
481	481	28980500
482	482	29101000
483	483	29221750
484	484	29342750
485	485	29464000
486	486	29585500
487	487	29707250
488	488	29829250
489	489	29951500
490	490	30074000
491	491	30196750
492	492	30319750
493	493	30443000
494	494	30566500
495	495	30690250
496	496	30814250
497	497	30938500
498	498	31063000
499	499	31187750
500	500	31312750
501	501	31438000
502	502	31563500
503	503	31689250
504	504	31815250
505	505	31941500
506	506	32068000
507	507	32194750
508	508	32321750
509	509	32449000
510	510	32576500
511	511	32704250
512	512	32832250
513	513	32960500
514	514	33089000
515	515	33217750
516	516	33346750
517	517	33476000
518	518	33605500
519	519	33735250
520	520	33865250
521	521	33995500
522	522	34126000
523	523	34256750
524	524	34387750
525	525	34519000
526	526	34650500
527	527	34782250
528	528	34914250
529	529	35046500
530	530	35179000
531	531	35311750
532	532	35444750
533	533	35578000
534	534	35711500
535	535	35845250
536	536	35979250
537	537	36113500
538	538	36248000
539	539	36382750
540	540	36517750
541	541	36653000
542	542	36788500
543	543	36924250
544	544	37060250
545	545	37196500
546	546	37333000
547	547	37469750
548	548	37606750
549	549	37744000
550	550	37881500
551	551	38019250
552	552	38157250
553	553	38295500
554	554	38434000
555	555	38572750
556	556	38711750
557	557	38851000
558	558	38990500
559	559	39130250
560	560	39270250
561	561	39410500
562	562	39551000
563	563	39691750
564	564	39832750
565	565	39974000
566	566	40115500
567	567	40257250
568	568	40399250
569	569	40541500
570	570	40684000
571	571	40826750
572	572	40969750
573	573	41113000
574	574	41256500
575	575	41400250
576	576	41544250
577	577	41688500
578	578	41833000
579	579	41977750
580	580	42122750
581	581	42268000
582	582	42413500
583	583	42559250
584	584	42705250
585	585	42851500
586	586	42998000
587	587	43144750
588	588	43291750
589	589	43439000
590	590	43586500
591	591	43734250
592	592	43882250
593	593	44030500
594	594	44179000
595	595	44327750
596	596	44476750
597	597	44626000
598	598	44775500
599	599	44925250
600	600	45075250
601	601	45225500
602	602	45376000
603	603	45526750
604	604	45677750
605	605	45829000
606	606	45980500
607	607	46132250
608	608	46284250
609	609	46436500
610	610	46589000
611	611	46741750
612	612	46894750
613	613	47048000
614	614	47201500
615	615	47355250
616	616	47509250
617	617	47663500
618	618	47818000
619	619	47972750
620	620	48127750
621	621	48283000
622	622	48438500
623	623	48594250
624	624	48750250
625	625	48906500
626	626	49063000
627	627	49219750
628	628	49376750
629	629	49534000
630	630	49691500
631	631	49849250
632	632	50007250
633	633	50165500
634	634	50324000
635	635	50482750
636	636	50641750
637	637	50801000
638	638	50960500
639	639	51120250
640	640	51280250
641	641	51440500
642	642	51601000
643	643	51761750
644	644	51922750
645	645	52084000
646	646	52245500
647	647	52407250
648	648	52569250
649	649	52731500
650	650	52894000
651	651	53056750
652	652	53219750
653	653	53383000
654	654	53546500
655	655	53710250
656	656	53874250
657	657	54038500
658	658	54203000
659	659	54367750
660	660	54532750
661	661	54698000
662	662	54863500
663	663	55029250
664	664	55195250
665	665	55361500
666	666	55528000
667	667	55694750
668	668	55861750
669	669	56029000
670	670	56196500
671	671	56364250
672	672	56532250
673	673	56700500
674	674	56869000
675	675	57037750
676	676	57206750
677	677	57376000
678	678	57545500
679	679	57715250
680	680	57885250
681	681	58055500
682	682	58226000
683	683	58396750
684	684	58567750
685	685	58739000
686	686	58910500
687	687	59082250
688	688	59254250
689	689	59426500
690	690	59599000
691	691	59771750
692	692	59944750
693	693	60118000
694	694	60291500
695	695	60465250
696	696	60639250
697	697	60813500
698	698	60988000
699	699	61162750
700	700	61337750
701	701	61513000
702	702	61688500
703	703	61864250
704	704	62040250
705	705	62216500
706	706	62393000
707	707	62569750
708	708	62746750
709	709	62924000
710	710	63101500
711	711	63279250
712	712	63457250
713	713	63635500
714	714	63814000
715	715	63992750
716	716	64171750
717	717	64351000
718	718	64530500
719	719	64710250
720	720	64890250
721	721	65070500
722	722	65251000
723	723	65431750
724	724	65612750
725	725	65794000
726	726	65975500
727	727	66157250
728	728	66339250
729	729	66521500
730	730	66704000
731	731	66886750
732	732	67069750
733	733	67253000
734	734	67436500
735	735	67620250
736	736	67804250
737	737	67988500
738	738	68173000
739	739	68357750
740	740	68542750
741	741	68728000
742	742	68913500
743	743	69099250
744	744	69285250
745	745	69471500
746	746	69658000
747	747	69844750
748	748	70031750
749	749	70219000
750	750	70406500
751	751	70594250
752	752	70782250
753	753	70970500
754	754	71159000
755	755	71347750
756	756	71536750
757	757	71726000
758	758	71915500
759	759	72105250
760	760	72295250
761	761	72485500
762	762	72676000
763	763	72866750
764	764	73057750
765	765	73249000
766	766	73440500
767	767	73632250
768	768	73824250
769	769	74016500
770	770	74209000
771	771	74401750
772	772	74594750
773	773	74788000
774	774	74981500
775	775	75175250
776	776	75369250
777	777	75563500
778	778	75758000
779	779	75952750
780	780	76147750
781	781	76343000
782	782	76538500
783	783	76734250
784	784	76930250
785	785	77126500
786	786	77323000
787	787	77519750
788	788	77716750
789	789	77914000
790	790	78111500
791	791	78309250
792	792	78507250
793	793	78705500
794	794	78904000
795	795	79102750
796	796	79301750
797	797	79501000
798	798	79700500
799	799	79900250
800	800	80100250
801	801	80300500
802	802	80501000
803	803	80701750
804	804	80902750
805	805	81104000
806	806	81305500
807	807	81507250
808	808	81709250
809	809	81911500
810	810	82114000
811	811	82316750
812	812	82519750
813	813	82723000
814	814	82926500
815	815	83130250
816	816	83334250
817	817	83538500
818	818	83743000
819	819	83947750
820	820	84152750
821	821	84358000
822	822	84563500
823	823	84769250
824	824	84975250
825	825	85181500
826	826	85388000
827	827	85594750
828	828	85801750
829	829	86009000
830	830	86216500
831	831	86424250
832	832	86632250
833	833	86840500
834	834	87049000
835	835	87257750
836	836	87466750
837	837	87676000
838	838	87885500
839	839	88095250
840	840	88305250
841	841	88515500
842	842	88726000
843	843	88936750
844	844	89147750
845	845	89359000
846	846	89570500
847	847	89782250
848	848	89994250
849	849	90206500
850	850	90419000
851	851	90631750
852	852	90844750
853	853	91058000
854	854	91271500
855	855	91485250
856	856	91699250
857	857	91913500
858	858	92128000
859	859	92342750
860	860	92557750
861	861	92773000
862	862	92988500
863	863	93204250
864	864	93420250
865	865	93636500
866	866	93853000
867	867	94069750
868	868	94286750
869	869	94504000
870	870	94721500
871	871	94939250
872	872	95157250
873	873	95375500
874	874	95594000
875	875	95812750
876	876	96031750
877	877	96251000
878	878	96470500
879	879	96690250
880	880	96910250
881	881	97130500
882	882	97351000
883	883	97571750
884	884	97792750
885	885	98014000
886	886	98235500
887	887	98457250
888	888	98679250
889	889	98901500
890	890	99124000
891	891	99346750
892	892	99569750
893	893	99793000
894	894	100016500
895	895	100240250
896	896	100464250
897	897	100688500
898	898	100913000
899	899	101137750
900	900	101362750
901	901	101588000
902	902	101813500
903	903	102039250
904	904	102265250
905	905	102491500
906	906	102718000
907	907	102944750
908	908	103171750
909	909	103399000
910	910	103626500
911	911	103854250
912	912	104082250
913	913	104310500
914	914	104539000
915	915	104767750
916	916	104996750
917	917	105226000
918	918	105455500
919	919	105685250
920	920	105915250
921	921	106145500
922	922	106376000
923	923	106606750
924	924	106837750
925	925	107069000
926	926	107300500
927	927	107532250
928	928	107764250
929	929	107996500
930	930	108229000
931	931	108461750
932	932	108694750
933	933	108928000
934	934	109161500
935	935	109395250
936	936	109629250
937	937	109863500
938	938	110098000
939	939	110332750
940	940	110567750
941	941	110803000
942	942	111038500
943	943	111274250
944	944	111510250
945	945	111746500
946	946	111983000
947	947	112219750
948	948	112456750
949	949	112694000
950	950	112931500
951	951	113169250
952	952	113407250
953	953	113645500
954	954	113884000
955	955	114122750
956	956	114361750
957	957	114601000
958	958	114840500
959	959	115080250
960	960	115320250
961	961	115560500
962	962	115801000
963	963	116041750
964	964	116282750
965	965	116524000
966	966	116765500
967	967	117007250
968	968	117249250
969	969	117491500
970	970	117734000
971	971	117976750
972	972	118219750
973	973	118463000
974	974	118706500
975	975	118950250
976	976	119194250
977	977	119438500
978	978	119683000
979	979	119927750
980	980	120172750
981	981	120418000
982	982	120663500
983	983	120909250
984	984	121155250
985	985	121401500
986	986	121648000
987	987	121894750
988	988	122141750
989	989	122389000
990	990	122636500
991	991	122884250
992	992	123132250
993	993	123380500
994	994	123629000
995	995	123877750
996	996	124126750
997	997	124376000
998	998	124625500
999	999	124875250
1000	0	0
\.


--
-- TOC entry 2098 (class 0 OID 0)
-- Dependencies: 180
-- Name: level_points_id_seq; Type: SEQUENCE SET; Schema: public; Owner: postgres
--

SELECT pg_catalog.setval('level_points_id_seq', 999, true);


--
-- TOC entry 2099 (class 0 OID 0)
-- Dependencies: 179
-- Name: number_stats_types_id_seq; Type: SEQUENCE SET; Schema: public; Owner: postgres
--

SELECT pg_catalog.setval('number_stats_types_id_seq', 9, true);


--
-- TOC entry 2054 (class 0 OID 40964)
-- Dependencies: 174
-- Data for Name: users; Type: TABLE DATA; Schema: public; Owner: postgres
--

COPY users (name, id, google_id) FROM stdin;
pcTest63588961	22	1
\.


--
-- TOC entry 2100 (class 0 OID 0)
-- Dependencies: 177
-- Name: users_id_seq; Type: SEQUENCE SET; Schema: public; Owner: postgres
--

SELECT pg_catalog.setval('users_id_seq', 22, true);


--
-- TOC entry 2101 (class 0 OID 0)
-- Dependencies: 172
-- Name: users_sequence; Type: SEQUENCE SET; Schema: public; Owner: postgres
--

SELECT pg_catalog.setval('users_sequence', 1, false);


--
-- TOC entry 1936 (class 2606 OID 49171)
-- Name: id_pk; Type: CONSTRAINT; Schema: public; Owner: postgres; Tablespace: 
--

ALTER TABLE ONLY achievements
    ADD CONSTRAINT id_pk PRIMARY KEY (id);


--
-- TOC entry 1934 (class 2606 OID 49173)
-- Name: pk_achievements_type; Type: CONSTRAINT; Schema: public; Owner: postgres; Tablespace: 
--

ALTER TABLE ONLY achievements_type
    ADD CONSTRAINT pk_achievements_type PRIMARY KEY (id);


--
-- TOC entry 1926 (class 2606 OID 40981)
-- Name: pk_general_stats; Type: CONSTRAINT; Schema: public; Owner: postgres; Tablespace: 
--

ALTER TABLE ONLY general_stats
    ADD CONSTRAINT pk_general_stats PRIMARY KEY (id);


--
-- TOC entry 1932 (class 2606 OID 41036)
-- Name: pk_level_points; Type: CONSTRAINT; Schema: public; Owner: postgres; Tablespace: 
--

ALTER TABLE ONLY level_points
    ADD CONSTRAINT pk_level_points PRIMARY KEY (id);


--
-- TOC entry 1930 (class 2606 OID 41003)
-- Name: pk_number_stats_types; Type: CONSTRAINT; Schema: public; Owner: postgres; Tablespace: 
--

ALTER TABLE ONLY general_stats_type
    ADD CONSTRAINT pk_number_stats_types PRIMARY KEY (id);


--
-- TOC entry 1922 (class 2606 OID 40989)
-- Name: pk_users; Type: CONSTRAINT; Schema: public; Owner: postgres; Tablespace: 
--

ALTER TABLE ONLY users
    ADD CONSTRAINT pk_users PRIMARY KEY (id);


--
-- TOC entry 1938 (class 2606 OID 49185)
-- Name: uq_achievements_type_and_user; Type: CONSTRAINT; Schema: public; Owner: postgres; Tablespace: 
--

ALTER TABLE ONLY achievements
    ADD CONSTRAINT uq_achievements_type_and_user UNIQUE (achievements_type, _user);


--
-- TOC entry 1928 (class 2606 OID 41023)
-- Name: uq_general_stats_type_and_user; Type: CONSTRAINT; Schema: public; Owner: postgres; Tablespace: 
--

ALTER TABLE ONLY general_stats
    ADD CONSTRAINT uq_general_stats_type_and_user UNIQUE (general_stats_type, _user);


--
-- TOC entry 1924 (class 2606 OID 41027)
-- Name: uq_google_id; Type: CONSTRAINT; Schema: public; Owner: postgres; Tablespace: 
--

ALTER TABLE ONLY users
    ADD CONSTRAINT uq_google_id UNIQUE (google_id);


--
-- TOC entry 1939 (class 2606 OID 41010)
-- Name: fk_general_stats_to_general_stats_type; Type: FK CONSTRAINT; Schema: public; Owner: postgres
--

ALTER TABLE ONLY general_stats
    ADD CONSTRAINT fk_general_stats_to_general_stats_type FOREIGN KEY (general_stats_type) REFERENCES general_stats_type(id);


--
-- TOC entry 1940 (class 2606 OID 41017)
-- Name: fk_general_stats_user; Type: FK CONSTRAINT; Schema: public; Owner: postgres
--

ALTER TABLE ONLY general_stats
    ADD CONSTRAINT fk_general_stats_user FOREIGN KEY (_user) REFERENCES users(id);


--
-- TOC entry 1941 (class 2606 OID 49174)
-- Name: pk_achievements_to_achievements_type; Type: FK CONSTRAINT; Schema: public; Owner: postgres
--

ALTER TABLE ONLY achievements
    ADD CONSTRAINT pk_achievements_to_achievements_type FOREIGN KEY (achievements_type) REFERENCES achievements_type(id);


--
-- TOC entry 1942 (class 2606 OID 49179)
-- Name: pk_achievements_to_users; Type: FK CONSTRAINT; Schema: public; Owner: postgres
--

ALTER TABLE ONLY achievements
    ADD CONSTRAINT pk_achievements_to_users FOREIGN KEY (_user) REFERENCES users(id);


--
-- TOC entry 2072 (class 0 OID 0)
-- Dependencies: 5
-- Name: public; Type: ACL; Schema: -; Owner: postgres
--

REVOKE ALL ON SCHEMA public FROM PUBLIC;
REVOKE ALL ON SCHEMA public FROM postgres;
GRANT ALL ON SCHEMA public TO postgres;
GRANT ALL ON SCHEMA public TO PUBLIC;


--
-- TOC entry 2074 (class 0 OID 0)
-- Dependencies: 184
-- Name: achievements; Type: ACL; Schema: public; Owner: postgres
--

REVOKE ALL ON TABLE achievements FROM PUBLIC;
REVOKE ALL ON TABLE achievements FROM postgres;
GRANT ALL ON TABLE achievements TO postgres;
GRANT SELECT,INSERT,DELETE,UPDATE ON TABLE achievements TO clones_server;


--
-- TOC entry 2076 (class 0 OID 0)
-- Dependencies: 185
-- Name: achievements_id_seq; Type: ACL; Schema: public; Owner: postgres
--

REVOKE ALL ON SEQUENCE achievements_id_seq FROM PUBLIC;
REVOKE ALL ON SEQUENCE achievements_id_seq FROM postgres;
GRANT ALL ON SEQUENCE achievements_id_seq TO postgres;
GRANT SELECT,USAGE ON SEQUENCE achievements_id_seq TO clones_server;


--
-- TOC entry 2077 (class 0 OID 0)
-- Dependencies: 182
-- Name: achievements_type; Type: ACL; Schema: public; Owner: postgres
--

REVOKE ALL ON TABLE achievements_type FROM PUBLIC;
REVOKE ALL ON TABLE achievements_type FROM postgres;
GRANT ALL ON TABLE achievements_type TO postgres;
GRANT SELECT,INSERT,DELETE,UPDATE ON TABLE achievements_type TO clones_server;


--
-- TOC entry 2079 (class 0 OID 0)
-- Dependencies: 183
-- Name: achievements_type_id_seq; Type: ACL; Schema: public; Owner: postgres
--

REVOKE ALL ON SEQUENCE achievements_type_id_seq FROM PUBLIC;
REVOKE ALL ON SEQUENCE achievements_type_id_seq FROM postgres;
GRANT ALL ON SEQUENCE achievements_type_id_seq TO postgres;
GRANT SELECT,USAGE ON SEQUENCE achievements_type_id_seq TO clones_server;


--
-- TOC entry 2080 (class 0 OID 0)
-- Dependencies: 175
-- Name: general_stats; Type: ACL; Schema: public; Owner: postgres
--

REVOKE ALL ON TABLE general_stats FROM PUBLIC;
REVOKE ALL ON TABLE general_stats FROM postgres;
GRANT ALL ON TABLE general_stats TO postgres;
GRANT SELECT,INSERT,DELETE,UPDATE ON TABLE general_stats TO clones_server;


--
-- TOC entry 2082 (class 0 OID 0)
-- Dependencies: 176
-- Name: general_stats_id_seq; Type: ACL; Schema: public; Owner: postgres
--

REVOKE ALL ON SEQUENCE general_stats_id_seq FROM PUBLIC;
REVOKE ALL ON SEQUENCE general_stats_id_seq FROM postgres;
GRANT ALL ON SEQUENCE general_stats_id_seq TO postgres;
GRANT SELECT,USAGE ON SEQUENCE general_stats_id_seq TO clones_server;


--
-- TOC entry 2083 (class 0 OID 0)
-- Dependencies: 173
-- Name: general_stats_sequence; Type: ACL; Schema: public; Owner: postgres
--

REVOKE ALL ON SEQUENCE general_stats_sequence FROM PUBLIC;
REVOKE ALL ON SEQUENCE general_stats_sequence FROM postgres;
GRANT ALL ON SEQUENCE general_stats_sequence TO postgres;
GRANT SELECT,USAGE ON SEQUENCE general_stats_sequence TO clones_server;


--
-- TOC entry 2084 (class 0 OID 0)
-- Dependencies: 178
-- Name: general_stats_type; Type: ACL; Schema: public; Owner: postgres
--

REVOKE ALL ON TABLE general_stats_type FROM PUBLIC;
REVOKE ALL ON TABLE general_stats_type FROM postgres;
GRANT ALL ON TABLE general_stats_type TO postgres;
GRANT SELECT,INSERT,DELETE,UPDATE ON TABLE general_stats_type TO clones_server;


--
-- TOC entry 2085 (class 0 OID 0)
-- Dependencies: 181
-- Name: level_points; Type: ACL; Schema: public; Owner: postgres
--

REVOKE ALL ON TABLE level_points FROM PUBLIC;
REVOKE ALL ON TABLE level_points FROM postgres;
GRANT ALL ON TABLE level_points TO postgres;
GRANT SELECT,INSERT,DELETE,UPDATE ON TABLE level_points TO clones_server;


--
-- TOC entry 2087 (class 0 OID 0)
-- Dependencies: 180
-- Name: level_points_id_seq; Type: ACL; Schema: public; Owner: postgres
--

REVOKE ALL ON SEQUENCE level_points_id_seq FROM PUBLIC;
REVOKE ALL ON SEQUENCE level_points_id_seq FROM postgres;
GRANT ALL ON SEQUENCE level_points_id_seq TO postgres;
GRANT SELECT,USAGE ON SEQUENCE level_points_id_seq TO clones_server;


--
-- TOC entry 2089 (class 0 OID 0)
-- Dependencies: 179
-- Name: number_stats_types_id_seq; Type: ACL; Schema: public; Owner: postgres
--

REVOKE ALL ON SEQUENCE number_stats_types_id_seq FROM PUBLIC;
REVOKE ALL ON SEQUENCE number_stats_types_id_seq FROM postgres;
GRANT ALL ON SEQUENCE number_stats_types_id_seq TO postgres;
GRANT SELECT,USAGE ON SEQUENCE number_stats_types_id_seq TO clones_server;


--
-- TOC entry 2090 (class 0 OID 0)
-- Dependencies: 174
-- Name: users; Type: ACL; Schema: public; Owner: postgres
--

REVOKE ALL ON TABLE users FROM PUBLIC;
REVOKE ALL ON TABLE users FROM postgres;
GRANT ALL ON TABLE users TO postgres;
GRANT SELECT,INSERT,DELETE,UPDATE ON TABLE users TO clones_server;


--
-- TOC entry 2092 (class 0 OID 0)
-- Dependencies: 177
-- Name: users_id_seq; Type: ACL; Schema: public; Owner: postgres
--

REVOKE ALL ON SEQUENCE users_id_seq FROM PUBLIC;
REVOKE ALL ON SEQUENCE users_id_seq FROM postgres;
GRANT ALL ON SEQUENCE users_id_seq TO postgres;
GRANT SELECT,USAGE ON SEQUENCE users_id_seq TO clones_server;


--
-- TOC entry 2093 (class 0 OID 0)
-- Dependencies: 172
-- Name: users_sequence; Type: ACL; Schema: public; Owner: postgres
--

REVOKE ALL ON SEQUENCE users_sequence FROM PUBLIC;
REVOKE ALL ON SEQUENCE users_sequence FROM postgres;
GRANT ALL ON SEQUENCE users_sequence TO postgres;
GRANT SELECT,USAGE ON SEQUENCE users_sequence TO clones_server;


-- Completed on 2016-07-31 20:31:31

--
-- PostgreSQL database dump complete
--

